<?xml version="1.0" encoding="UTF-8"?>

<metadata>
  <groupId>org.apache.maven.archetypes</groupId>
  <artifactId>maven-archetype-quickstart</artifactId>
  <version>1.4</version>
  <versioning>
    <release>1.4</release>
    <versions>
      <version>1.0-alpha-1</version>
      <version>1.0-alpha-2</version>
      <version>1.0-alpha-3</version>
      <version>1.0-alpha-4</version>
      <version>1.0</version>
      <version>1.1</version>
      <version>1.3</version>
      <version>1.4</version>
    </versions>
    <lastUpdated>20181223121151</lastUpdated>
  </versioning>
</metadata>
